{"vae": {"Anormal_0": 0.9546871464772162, "Anormal_1": 0.3863132498987505, "Anormal_2": 0.9624491732879696, "Anormal_3": 0.9159257260542516, "Anormal_4": 0.9113891474801019, "Anormal_5": 0.9446871719731926, "Anormal_6": 0.9457509585284907, "Anormal_7": 0.6635313539225363, "Anormal_8": 0.9381498167966509, "Anormal_9": 0.7287559556032192}, "cvae": {"Anormal_0": 0.9770111769763338, "Anormal_1": 0.20888421774488103, "Anormal_2": 0.9673804664647427, "Anormal_3": 0.9681047148096346, "Anormal_4": 0.9402916276521409, "Anormal_5": 0.9686923337488749, "Anormal_6": 0.9452375806893277, "Anormal_7": 0.7907872915477638, "Anormal_8": 0.9658462138353676, "Anormal_9": 0.7421425389710821}, "dsvdd": {"Anormal_0": 0.6776390334404272, "Anormal_1": 0.9089368426545019, "Anormal_2": 0.7016944182243152, "Anormal_3": 0.5790217953942225, "Anormal_4": 0.6724726040112579, "Anormal_5": 0.5648568695337072, "Anormal_6": 0.5701018189760704, "Anormal_7": 0.6631409261151425, "Anormal_8": 0.41882076010393887, "Anormal_9": 0.4599371974110439}, "fanogan": {"Anormal_0": 0.8477265373998824, "Anormal_1": 0.24805066700457923, "Anormal_2": 0.9449640928296303, "Anormal_3": 0.8192996068238637, "Anormal_4": 0.8382519866354641, "Anormal_5": 0.8681104523495828, "Anormal_6": 0.8559709063572039, "Anormal_7": 0.6530228718486046, "Anormal_8": 0.8887681764430477, "Anormal_9": 0.5602997006476799}, "drocc": {"Anormal_6": 0.6623760885757441, "Anormal_7": 0.531483215832742, "Anormal_8": 0.4311101490514967, "Anormal_9": 0.3330000521389134, "Anormal_0": 0.8239645459070546, "Anormal_1": 0.9076268352253952, "Anormal_2": 0.6687500864399865, "Anormal_3": 0.7404893225696318, "Anormal_4": 0.42464465727969275, "Anormal_5": 0.5674971468437543}}