{"vae": {"Normal_0": 0.99496583555817, "Normal_1": 0.9991766860220984, "Normal_2": 0.9270877093576472, "Normal_3": 0.9505721428650097, "Normal_4": 0.9606308993237783, "Normal_5": 0.9673115439834098, "Normal_6": 0.9893564433017064, "Normal_7": 0.9685439438911546, "Normal_8": 0.8965291234858367, "Normal_9": 0.9697983414534455}, "cvae": {"Normal_0": 0.9947114122810987, "Normal_1": 0.9995366622688342, "Normal_2": 0.9295493580966608, "Normal_3": 0.9434976156125068, "Normal_4": 0.9461877331555489, "Normal_5": 0.954065661489136, "Normal_6": 0.9938787167655094, "Normal_7": 0.9615848745166545, "Normal_8": 0.8912687099235566, "Normal_9": 0.9743318916317484}, "dsvdd": {"Normal_0": 0.9891689103579349, "Normal_1": 0.9954421560808109, "Normal_2": 0.9128287852934465, "Normal_3": 0.8660858599764315, "Normal_4": 0.9313719246277755, "Normal_5": 0.879030606316627, "Normal_6": 0.974592010654062, "Normal_7": 0.9487444509594052, "Normal_8": 0.9174106198338272, "Normal_9": 0.9575692860573382}, "drocc": {"Normal_0": 0.9440205439160142, "Normal_1": 0.9267776808763861, "Normal_2": 0.7717364691167217, "Normal_3": 0.5581899580391854, "Normal_4": 0.8231432021677397, "Normal_5": 0.5684407931922068, "Normal_6": 0.8486794864513042, "Normal_7": 0.9108473660380499, "Normal_8": 0.8813373275743221, "Normal_9": 0.8144568420419097}, "fanogan": {"Normal_0": 0.22637296936512968, "Normal_1": 0.9968530403432795, "Normal_2": 0.5502850034403114, "Normal_3": 0.5342952565556889, "Normal_4": 0.90179462301918, "Normal_5": 0.5121227137823939, "Normal_6": 0.9060119696577189, "Normal_7": 0.9073648497443842, "Normal_8": 0.3990641227646712, "Normal_9": 0.6769799752400788}}