{"vae": {"Normal_0": 0.9943986153219604, "Normal_1": 0.9992705064464271, "Normal_2": 0.9279777710930853, "Normal_3": 0.951651449905836, "Normal_4": 0.9572442578070833, "Normal_5": 0.964254186434436, "Normal_6": 0.9883339590378281, "Normal_7": 0.9696142863834046, "Normal_8": 0.8886568166524177, "Normal_9": 0.9684322578276988}, "cvae": {"Normal_0": 0.9947114122810987, "Normal_1": 0.9995366622688342, "Normal_2": 0.9295493580966608, "Normal_3": 0.9434976156125068, "Normal_4": 0.9461877331555489, "Normal_5": 0.954065661489136, "Normal_6": 0.9938787167655094, "Normal_7": 0.9615848745166545, "Normal_8": 0.8912687099235566, "Normal_9": 0.9743318916317484}, "dsvdd": {"Normal_0": 0.9891689103579349, "Normal_1": 0.9954421560808109, "Normal_2": 0.9128287852934465, "Normal_3": 0.8660858599764315, "Normal_4": 0.9313719246277755, "Normal_5": 0.879030606316627, "Normal_6": 0.974592010654062, "Normal_7": 0.9487444509594052, "Normal_8": 0.9174106198338272, "Normal_9": 0.9575692860573382}, "drocc": {"Normal_0": 0.9440205439160142, "Normal_1": 0.9267776808763861, "Normal_2": 0.7717364691167217, "Normal_3": 0.5581899580391854, "Normal_4": 0.8231432021677397, "Normal_5": 0.5684407931922068, "Normal_6": 0.8486794864513042, "Normal_7": 0.9108473660380499, "Normal_8": 0.8813373275743221, "Normal_9": 0.8144568420419097}, "fanogan": {"Normal_0": 0.9670192090139823, "Normal_1": 0.9988388728628894, "Normal_2": 0.8344921694016278, "Normal_3": 0.8795171752992875, "Normal_4": 0.8646051978414747, "Normal_5": 0.8561705842791336, "Normal_6": 0.932924247272875, "Normal_7": 0.8965978894997148, "Normal_8": 0.861346595802862, "Normal_9": 0.9196010237745729}, "usad": {"Normal_0": 0.8265637585411104, "Normal_1": 0.021377589938157027, "Normal_2": 0.700740012723966, "Normal_3": 0.5136046652496172, "Normal_4": 0.29196540162490137, "Normal_5": 0.6878446435499468, "Normal_6": 0.6908570720077357}}